{"cameraMode":{"drawMode":0,"name":"Shaded","section":"Shading Mode"},"sceneLighting":true,"audioPlay":false,"sceneViewState":{"m_AlwaysRefresh":false,"showFog":true,"showSkybox":true,"showFlares":true,"showImageEffects":true,"showParticleSystems":true,"showVisualEffectGraphs":true,"m_FxEnabled":true},"in2DMode":false,"pivot":{"x":35.142757415771487,"y":47.76045608520508,"z":59.46037292480469},"rotation":{"x":-0.3735790550708771,"y":0.21990542113780976,"z":-0.09168689697980881,"w":-0.8966048955917358},"size":1.8484855890274048,"orthographic":true}