{"cameraMode":{"drawMode":0,"name":"Shaded","section":"Shading Mode"},"sceneLighting":true,"audioPlay":false,"sceneViewState":{"m_AlwaysRefresh":false,"showFog":true,"showSkybox":true,"showFlares":true,"showImageEffects":true,"showParticleSystems":true,"showVisualEffectGraphs":true,"m_FxEnabled":true},"in2DMode":false,"pivot":{"x":17.207210540771486,"y":1.0305336713790894,"z":57.29755783081055},"rotation":{"x":0.3242731988430023,"y":-0.17597651481628419,"z":0.061412107199430469,"w":0.9275581240653992},"size":7.108092308044434,"orthographic":true}