{"cameraMode":{"drawMode":0,"name":"Shaded","section":"Shading Mode"},"sceneLighting":true,"audioPlay":false,"sceneViewState":{"m_AlwaysRefresh":false,"showFog":true,"showSkybox":true,"showFlares":true,"showImageEffects":true,"showParticleSystems":true,"showVisualEffectGraphs":true,"m_FxEnabled":true},"in2DMode":false,"pivot":{"x":23.147544860839845,"y":5.399559020996094,"z":58.294639587402347},"rotation":{"x":-0.23579104244709016,"y":0.6274194717407227,"z":-0.20799055695533753,"w":-0.7125524282455444},"size":11.591487884521485,"orthographic":true}