{"cameraMode":{"drawMode":0,"name":"Shaded","section":"Shading Mode"},"sceneLighting":true,"audioPlay":false,"sceneViewState":{"m_AlwaysRefresh":false,"showFog":true,"showSkybox":true,"showFlares":true,"showImageEffects":true,"showParticleSystems":true,"showVisualEffectGraphs":true,"m_FxEnabled":true},"in2DMode":false,"pivot":{"x":16.579994201660158,"y":10.262595176696778,"z":49.88716506958008},"rotation":{"x":-0.47812098264694216,"y":0.034300144761800769,"z":-0.018776992335915567,"w":-0.8775008916854858},"size":7.704094886779785,"orthographic":true}