{"cameraMode":{"drawMode":0,"name":"Shaded","section":"Shading Mode"},"sceneLighting":true,"audioPlay":false,"sceneViewState":{"m_AlwaysRefresh":false,"showFog":true,"showSkybox":true,"showFlares":true,"showImageEffects":true,"showParticleSystems":true,"showVisualEffectGraphs":true,"m_FxEnabled":true},"in2DMode":false,"pivot":{"x":0.518346905708313,"y":2.6822807788848879,"z":1.0011881589889527},"rotation":{"x":-0.08923233300447464,"y":-0.03345300629734993,"z":0.0029890229925513269,"w":-0.9954665899276733},"size":3.9440739154815676,"orthographic":true}